canonical_endpoint_key	threshold	n	actual_transfer	predicted_transfer	macro_f1	accuracy	transfer_precision	transfer_recall
oral_bioavailability.absolute.percent	0.2828282828	68520	20789	14421	0.567449	0.669673	0.436031	0.302468
q1.oral_exposure.auc.day_ng_ml.zero_to_infinity	0.9292929293	15	2	2	0.711538	0.866667	0.500000	0.500000
q1.oral_exposure.auc.dimensionless_ratio.dosing_interval	0.0000000000	3	3	3	0.500000	1.000000	1.000000	1.000000
q1.oral_exposure.auc.dimensionless_ratio.zero_to_infinity	0.0505050505	262	213	231	0.454167	0.717557	0.800866	0.868545
q1.oral_exposure.auc.dimensionless_ratio.zero_to_last	0.0808080808	136	113	94	0.464288	0.610294	0.819149	0.681416
q1.oral_exposure.auc.h_mg_l.zero_to_infinity	0.0909090909	5	0	0	0.500000	1.000000	0.000000	0.000000
q1.oral_exposure.auc.h_mg_l.zero_to_last	0.1818181818	45	15	15	1.000000	1.000000	1.000000	1.000000
q1.oral_exposure.auc.h_ng_eq_g.zero_to_infinity	0.1212121212	8	2	2	1.000000	1.000000	1.000000	1.000000
q1.oral_exposure.auc.h_ng_eq_g.zero_to_last	0.1212121212	8	2	2	1.000000	1.000000	1.000000	1.000000
q1.oral_exposure.auc.h_ng_ml.dosing_interval	0.1313131313	293	35	61	0.576446	0.767918	0.229508	0.400000
q1.oral_exposure.auc.h_ng_ml.steady_state	0.1414141414	5	0	0	0.500000	1.000000	0.000000	0.000000
q1.oral_exposure.auc.h_ng_ml.zero_to_12h	0.0000000000	1	1	1	0.500000	1.000000	1.000000	1.000000
q1.oral_exposure.auc.h_ng_ml.zero_to_24h	0.1212121212	222	32	64	0.641164	0.756757	0.328125	0.656250
q1.oral_exposure.auc.h_ng_ml.zero_to_infinity	0.1616161616	3071	564	230	0.524124	0.785738	0.295652	0.120567
q1.oral_exposure.auc.h_ng_ml.zero_to_last	0.1717171717	3409	603	187	0.538988	0.811088	0.390374	0.121061
q1.oral_exposure.auc.h_ng_ml_1.zero_to_infinity	0.1212121212	79	8	31	0.608490	0.708861	0.258065	1.000000
q1.oral_exposure.auc.h_ng_ml_1.zero_to_last	0.2323232323	380	36	12	0.733146	0.936842	1.000000	0.333333
q1.oral_exposure.auc.h_nm.zero_to_infinity	0.1111111111	2	0	0	0.500000	1.000000	0.000000	0.000000
q1.oral_exposure.auc.h_nm.zero_to_last	0.1111111111	24	11	10	0.449735	0.458333	0.400000	0.363636
q1.oral_exposure.auc.h_pg_ml.zero_to_infinity	0.1919191919	109	9	17	0.650641	0.853211	0.294118	0.555556
q1.oral_exposure.auc.h_pg_ml.zero_to_last	0.1717171717	166	24	35	0.577451	0.753012	0.257143	0.375000
q1.oral_exposure.auc.h_ug_l.zero_to_infinity	0.1111111111	21	4	3	0.742857	0.857143	0.666667	0.500000
q1.oral_exposure.auc.h_ug_l.zero_to_last	0.1212121212	13	0	0	0.500000	1.000000	0.000000	0.000000
q1.oral_exposure.auc.h_ug_ml.dosing_interval	0.1010101010	17	9	13	0.742424	0.764706	0.692308	1.000000
q1.oral_exposure.auc.h_ug_ml.steady_state	0.0000000000	5	5	5	0.500000	1.000000	1.000000	1.000000
q1.oral_exposure.auc.h_ug_ml.zero_to_24h	0.0000000000	5	5	5	0.500000	1.000000	1.000000	1.000000
q1.oral_exposure.auc.h_ug_ml.zero_to_infinity	0.0909090909	641	212	351	0.529698	0.536661	0.378917	0.627358
q1.oral_exposure.auc.h_ug_ml.zero_to_last	0.1111111111	489	206	244	0.654242	0.656442	0.577869	0.684466
q1.oral_exposure.auc.h_ug_ml_1.zero_to_infinity	0.0505050505	4	0	0	0.500000	1.000000	0.000000	0.000000
q1.oral_exposure.auc.h_um.zero_to_infinity	0.1111111111	28	0	0	0.500000	1.000000	0.000000	0.000000
q1.oral_exposure.auc.h_um.zero_to_last	0.1111111111	59	0	0	0.500000	1.000000	0.000000	0.000000
q1.oral_exposure.auc.h_x_ng_ml.zero_to_last	0.1010101010	3	0	0	0.500000	1.000000	0.000000	0.000000
q1.oral_exposure.auc.hour_ng_ml.zero_to_infinity	0.1010101010	9	2	0	0.437500	0.777778	0.000000	0.000000
q1.oral_exposure.auc.hour_ng_ml.zero_to_last	0.1010101010	12	3	1	0.700000	0.833333	1.000000	0.333333
q1.oral_exposure.auc.hr_ng_ml.zero_to_infinity	0.1515151515	72	7	0	0.474453	0.902778	0.000000	0.000000
q1.oral_exposure.auc.hr_ng_ml.zero_to_last	0.1515151515	50	7	4	0.846782	0.940000	1.000000	0.571429
q1.oral_exposure.auc.hr_ug_ml.zero_to_infinity	0.1717171717	14	4	0	0.416667	0.714286	0.000000	0.000000
q1.oral_exposure.auc.hr_ug_ml.zero_to_last	0.0000000000	9	9	9	0.500000	1.000000	1.000000	1.000000
q1.oral_exposure.auc.mcg_hr_ml.zero_to_last	0.1717171717	24	10	10	1.000000	1.000000	1.000000	1.000000
q1.oral_exposure.auc.mg_h_l.zero_to_infinity	0.1313131313	389	106	90	0.536223	0.650386	0.333333	0.283019
q1.oral_exposure.auc.mg_h_l.zero_to_last	0.0909090909	453	178	226	0.535403	0.540839	0.433628	0.550562
q1.oral_exposure.auc.mg_hr_l.zero_to_last	0.1111111111	6	0	0	0.500000	1.000000	0.000000	0.000000
q1.oral_exposure.auc.mg_l_1_h.zero_to_last	0.1010101010	6	0	0	0.500000	1.000000	0.000000	0.000000
q1.oral_exposure.auc.mg_l_h.zero_to_168h	0.1212121212	4	0	0	0.500000	1.000000	0.000000	0.000000
q1.oral_exposure.auc.mg_l_h.zero_to_72h	0.1212121212	4	0	0	0.500000	1.000000	0.000000	0.000000
q1.oral_exposure.auc.mg_l_h.zero_to_infinity	0.1414141414	162	44	17	0.666771	0.796296	0.823529	0.318182
q1.oral_exposure.auc.mg_l_h.zero_to_last	0.1717171717	240	49	20	0.754575	0.879167	1.000000	0.408163
q1.oral_exposure.auc.mg_l_hr.zero_to_infinity	0.0000000000	1	1	1	0.500000	1.000000	1.000000	1.000000
q1.oral_exposure.auc.min_ng_ml.zero_to_infinity	0.4949494949	18	3	0	0.454545	0.833333	0.000000	0.000000
q1.oral_exposure.auc.min_ng_ml.zero_to_last	0.0808080808	13	3	10	0.461538	0.461538	0.300000	1.000000
q1.oral_exposure.auc.min_ug_ml.zero_to_infinity	0.2222222222	18	1	0	0.485714	0.944444	0.000000	0.000000
q1.oral_exposure.auc.min_ug_ml.zero_to_last	0.1010101010	12	0	0	0.500000	1.000000	0.000000	0.000000
q1.oral_exposure.auc.ng_h_1_ml_1.zero_to_infinity	0.1414141414	11	0	0	0.500000	1.000000	0.000000	0.000000
q1.oral_exposure.auc.ng_h_l.zero_to_infinity	0.1010101010	18	3	3	1.000000	1.000000	1.000000	1.000000
q1.oral_exposure.auc.ng_h_l.zero_to_last	0.1010101010	5	0	0	0.500000	1.000000	0.000000	0.000000
q1.oral_exposure.auc.ng_h_ml.dosing_interval	0.1313131313	1196	182	279	0.506924	0.693144	0.168459	0.258242
q1.oral_exposure.auc.ng_h_ml.steady_state	0.1919191919	237	22	0	0.475664	0.907173	0.000000	0.000000
q1.oral_exposure.auc.ng_h_ml.zero_to_12h	0.1212121212	95	12	30	0.572072	0.705263	0.233333	0.583333
q1.oral_exposure.auc.ng_h_ml.zero_to_24h	0.1919191919	495	46	31	0.556407	0.872727	0.225806	0.152174
q1.oral_exposure.auc.ng_h_ml.zero_to_48h	0.0505050505	9	5	7	0.750000	0.777778	0.714286	1.000000
q1.oral_exposure.auc.ng_h_ml.zero_to_8h	0.0404040404	4	0	0	0.500000	1.000000	0.000000	0.000000
q1.oral_exposure.auc.ng_h_ml.zero_to_infinity	0.1616161616	11520	2139	1554	0.532257	0.748177	0.254826	0.185133
q1.oral_exposure.auc.ng_h_ml.zero_to_last	0.1717171717	11987	2044	1423	0.533487	0.769167	0.245959	0.171233
q1.oral_exposure.auc.ng_h_ml_1.zero_to_infinity	0.1818181818	378	59	25	0.638393	0.857143	0.600000	0.254237
q1.oral_exposure.auc.ng_h_ml_1.zero_to_last	0.1818181818	268	33	13	0.714641	0.910448	0.846154	0.333333
q1.oral_exposure.auc.ng_h_ml_kg.zero_to_last	0.2828282828	11	0	0	0.500000	1.000000	0.000000	0.000000
q1.oral_exposure.auc.ng_h_ml_mg.zero_to_last	0.0808080808	8	0	0	0.500000	1.000000	0.000000	0.000000
q1.oral_exposure.auc.ng_hour_ml.dosing_interval	0.1111111111	17	2	0	0.468750	0.882353	0.000000	0.000000
q1.oral_exposure.auc.ng_hour_ml.zero_to_infinity	0.1818181818	27	6	0	0.437500	0.777778	0.000000	0.000000
q1.oral_exposure.auc.ng_hour_ml.zero_to_last	0.1515151515	6	0	0	0.500000	1.000000	0.000000	0.000000
q1.oral_exposure.auc.ng_hr_ml.zero_to_24h	0.0606060606	6	0	0	0.500000	1.000000	0.000000	0.000000
q1.oral_exposure.auc.ng_hr_ml.zero_to_infinity	0.1414141414	536	98	152	0.577460	0.697761	0.289474	0.448980
q1.oral_exposure.auc.ng_hr_ml.zero_to_last	0.3131313131	728	175	21	0.487075	0.760989	0.523810	0.062857
q1.oral_exposure.auc.ng_min_ml.zero_to_infinity	0.0808080808	25	3	10	0.636175	0.720000	0.300000	1.000000
q1.oral_exposure.auc.ng_min_ml.zero_to_last	0.1414141414	57	2	2	1.000000	1.000000	1.000000	1.000000
q1.oral_exposure.auc.ng_ml_1_h.zero_to_infinity	0.1515151515	109	17	12	0.542602	0.788991	0.250000	0.176471
q1.oral_exposure.auc.ng_ml_1_h.zero_to_last	0.1515151515	185	23	9	0.555288	0.859459	0.333333	0.130435
q1.oral_exposure.auc.ng_ml_1_h_1.zero_to_infinity	0.0000000000	5	5	5	0.500000	1.000000	1.000000	1.000000
q1.oral_exposure.auc.ng_ml_1_hr.zero_to_last	0.0808080808	5	0	0	0.500000	1.000000	0.000000	0.000000
q1.oral_exposure.auc.ng_ml_h.zero_to_12h	0.7272727273	19	3	0	0.457143	0.842105	0.000000	0.000000
q1.oral_exposure.auc.ng_ml_h.zero_to_infinity	0.2020202020	585	87	11	0.521113	0.852991	0.545455	0.068966
q1.oral_exposure.auc.ng_ml_h.zero_to_last	0.1111111111	842	177	328	0.543218	0.616390	0.277439	0.514124
q1.oral_exposure.auc.ng_ml_h_1.zero_to_infinity	0.0000000000	3	2	3	0.400000	0.666667	0.666667	1.000000
q1.oral_exposure.auc.ng_ml_hr.zero_to_last	0.1212121212	14	0	0	0.500000	1.000000	0.000000	0.000000
q1.oral_exposure.auc.ng_ml_min.zero_to_last	0.0606060606	17	1	4	0.648276	0.823529	0.250000	1.000000
q1.oral_exposure.auc.ng_ml_x_h.zero_to_last	0.4545454545	2	0	0	0.500000	1.000000	0.000000	0.000000
q1.oral_exposure.auc.ng_x_h_ml.zero_to_infinity	0.0000000000	2	1	2	0.333333	0.500000	0.500000	1.000000
q1.oral_exposure.auc.nm_h.zero_to_infinity	0.2929292929	144	21	2	0.551107	0.868056	1.000000	0.095238
q1.oral_exposure.auc.nm_h.zero_to_last	0.1414141414	276	37	39	0.542238	0.782609	0.205128	0.216216
q1.oral_exposure.auc.nmol_h_l.zero_to_infinity	0.7474747475	146	29	0	0.444867	0.801370	0.000000	0.000000
q1.oral_exposure.auc.nmol_h_l.zero_to_last	0.1616161616	183	48	46	0.456039	0.584699	0.195652	0.187500
q1.oral_exposure.auc.nmol_h_ml.zero_to_last	0.0000000000	2	2	2	0.500000	1.000000	1.000000	1.000000
q1.oral_exposure.auc.percent.dosing_interval	0.0808080808	50	25	28	0.498193	0.500000	0.500000	0.560000
q1.oral_exposure.auc.percent.zero_to_48h	0.1212121212	2	0	0	0.500000	1.000000	0.000000	0.000000
q1.oral_exposure.auc.percent.zero_to_infinity	0.0707070707	657	548	546	0.568697	0.759513	0.857143	0.854015
q1.oral_exposure.auc.percent.zero_to_last	0.1010101010	440	308	246	0.473766	0.509091	0.686992	0.548701
q1.oral_exposure.auc.pg_h_ml.dosing_interval	0.2323232323	16	0	0	0.500000	1.000000	0.000000	0.000000
q1.oral_exposure.auc.pg_h_ml.zero_to_infinity	0.1717171717	363	145	111	0.746576	0.768595	0.774775	0.593103
q1.oral_exposure.auc.pg_h_ml.zero_to_last	0.1515151515	712	125	81	0.494891	0.750000	0.172840	0.112000
q1.oral_exposure.auc.pg_h_ml_1.zero_to_infinity	0.1111111111	6	0	0	0.500000	1.000000	0.000000	0.000000
q1.oral_exposure.auc.pg_h_ml_1.zero_to_last	0.1515151515	15	0	0	0.500000	1.000000	0.000000	0.000000
q1.oral_exposure.auc.pg_hr_ml.zero_to_infinity	0.0000000000	5	5	5	0.500000	1.000000	1.000000	1.000000
q1.oral_exposure.auc.pg_ml_h.zero_to_infinity	0.0808080808	8	0	0	0.500000	1.000000	0.000000	0.000000
q1.oral_exposure.auc.pg_ml_h.zero_to_last	0.0808080808	13	0	0	0.500000	1.000000	0.000000	0.000000
q1.oral_exposure.auc.ug_h_dl.zero_to_last	0.0000000000	4	4	4	0.500000	1.000000	1.000000	1.000000
q1.oral_exposure.auc.ug_h_l.dosing_interval	0.0808080808	24	10	20	0.555556	0.583333	0.500000	1.000000
q1.oral_exposure.auc.ug_h_l.zero_to_24h	0.1010101010	3	0	0	0.500000	1.000000	0.000000	0.000000
q1.oral_exposure.auc.ug_h_l.zero_to_infinity	0.1212121212	875	121	334	0.463914	0.587429	0.140719	0.388430
q1.oral_exposure.auc.ug_h_l.zero_to_last	0.2121212121	742	88	20	0.500700	0.865229	0.200000	0.045455
q1.oral_exposure.auc.ug_h_l_1.zero_to_infinity	0.0000000000	5	5	5	0.500000	1.000000	1.000000	1.000000
q1.oral_exposure.auc.ug_h_l_1.zero_to_last	0.0808080808	17	5	12	0.588235	0.588235	0.416667	1.000000
q1.oral_exposure.auc.ug_h_ml.dosing_interval	0.1313131313	345	112	68	0.594118	0.686957	0.529412	0.321429
q1.oral_exposure.auc.ug_h_ml.zero_to_12h	0.0000000000	73	43	73	0.370690	0.589041	0.589041	1.000000
q1.oral_exposure.auc.ug_h_ml.zero_to_24h	0.2424242424	8	0	0	0.500000	1.000000	0.000000	0.000000
q1.oral_exposure.auc.ug_h_ml.zero_to_infinity	0.1919191919	3410	804	260	0.573498	0.775367	0.573077	0.185323
q1.oral_exposure.auc.ug_h_ml.zero_to_last	0.1313131313	2922	715	727	0.557167	0.670773	0.330124	0.335664
q1.oral_exposure.auc.ug_h_ml_1.zero_to_infinity	0.8989898990	263	71	5	0.492456	0.749049	1.000000	0.070423
q1.oral_exposure.auc.ug_h_ml_1.zero_to_last	0.1515151515	273	85	58	0.616287	0.703297	0.534483	0.364706
q1.oral_exposure.auc.ug_hour_ml.zero_to_last	0.0000000000	1	1	1	0.500000	1.000000	1.000000	1.000000
q1.oral_exposure.auc.ug_hr_ml.zero_to_infinity	0.1111111111	135	52	55	0.434952	0.459259	0.309091	0.326923
q1.oral_exposure.auc.ug_hr_ml.zero_to_last	0.0707070707	148	39	115	0.472105	0.472973	0.330435	0.974359
q1.oral_exposure.auc.ug_l_h.zero_to_infinity	0.1212121212	241	93	49	0.560729	0.634855	0.551020	0.290323
q1.oral_exposure.auc.ug_l_h.zero_to_last	0.0909090909	296	87	111	0.650925	0.689189	0.477477	0.609195
q1.oral_exposure.auc.ug_l_h_1.zero_to_infinity	0.0000000000	4	4	4	0.500000	1.000000	1.000000	1.000000
q1.oral_exposure.auc.ug_min_min_1.zero_to_infinity	0.0808080808	2	0	0	0.500000	1.000000	0.000000	0.000000
q1.oral_exposure.auc.ug_min_min_1.zero_to_last	0.0808080808	2	0	0	0.500000	1.000000	0.000000	0.000000
q1.oral_exposure.auc.ug_min_ml.zero_to_infinity	0.1111111111	198	32	77	0.575936	0.661616	0.272727	0.656250
q1.oral_exposure.auc.ug_min_ml.zero_to_last	0.1414141414	350	58	106	0.466463	0.617143	0.141509	0.258621
q1.oral_exposure.auc.ug_min_ml_1.zero_to_infinity	0.0808080808	20	2	8	0.600000	0.700000	0.250000	1.000000
q1.oral_exposure.auc.ug_min_ml_1.zero_to_last	0.0707070707	4	0	0	0.500000	1.000000	0.000000	0.000000
q1.oral_exposure.auc.ug_min_per_ml.zero_to_infinity	0.7575757576	13	0	0	0.500000	1.000000	0.000000	0.000000
q1.oral_exposure.auc.ug_ml_1_h.zero_to_infinity	0.1313131313	20	9	5	0.780220	0.800000	1.000000	0.555556
q1.oral_exposure.auc.ug_ml_1_h.zero_to_last	0.2121212121	100	9	3	0.734043	0.940000	1.000000	0.333333
q1.oral_exposure.auc.ug_ml_1_hr_1.zero_to_last	0.7676767677	8	0	0	0.500000	1.000000	0.000000	0.000000
q1.oral_exposure.auc.ug_ml_1_min.zero_to_infinity	0.0808080808	3	0	0	0.500000	1.000000	0.000000	0.000000
q1.oral_exposure.auc.ug_ml_h.zero_to_24h	0.1010101010	4	0	0	0.500000	1.000000	0.000000	0.000000
q1.oral_exposure.auc.ug_ml_h.zero_to_infinity	0.1111111111	138	26	46	0.549020	0.652174	0.260870	0.461538
q1.oral_exposure.auc.ug_ml_h.zero_to_last	0.1111111111	265	88	100	0.546628	0.584906	0.390000	0.443182
q1.oral_exposure.auc.ug_ml_min.zero_to_infinity	0.0101010101	18	6	10	0.550000	0.555556	0.400000	0.666667
q1.oral_exposure.auc.um_h.zero_to_infinity	0.1414141414	383	50	60	0.628465	0.817232	0.333333	0.400000
q1.oral_exposure.auc.um_h.zero_to_last	0.1111111111	353	65	94	0.525128	0.668555	0.223404	0.323077
q1.oral_exposure.auc.um_hour.zero_to_infinity	0.0000000000	4	4	4	0.500000	1.000000	1.000000	1.000000
q1.oral_exposure.auc.um_hr.zero_to_infinity	0.1111111111	10	0	0	0.500000	1.000000	0.000000	0.000000
q1.oral_exposure.auc.umol_h_l.zero_to_last	0.0000000000	17	11	17	0.392857	0.647059	0.647059	1.000000
q1.oral_exposure.auc.umol_h_l_1.zero_to_last	0.0000000000	3	3	3	0.500000	1.000000	1.000000	1.000000
q1.oral_exposure.auc.umol_l_h.dosing_interval	0.1010101010	4	1	0	0.428571	0.750000	0.000000	0.000000
q1.oral_exposure.auc.umol_l_h.zero_to_infinity	0.1717171717	6	0	0	0.500000	1.000000	0.000000	0.000000
q1.oral_exposure.auc.umol_min_l.zero_to_last	0.0909090909	10	0	0	0.500000	1.000000	0.000000	0.000000
q1.oral_exposure.cmax.decrease	0.0000000000	2	2	2	0.500000	1.000000	1.000000	1.000000
q1.oral_exposure.cmax.dimensionless_ratio	0.0606060606	571	498	506	0.497214	0.786340	0.871542	0.885542
q1.oral_exposure.cmax.g_ml	0.0707070707	2	0	0	0.500000	1.000000	0.000000	0.000000
q1.oral_exposure.cmax.increase	0.0000000000	4	4	4	0.500000	1.000000	1.000000	1.000000
q1.oral_exposure.cmax.mcg_ml	0.1010101010	76	34	17	0.690157	0.723684	0.882353	0.441176
q1.oral_exposure.cmax.mg_dl	0.0000000000	2	2	2	0.500000	1.000000	1.000000	1.000000
q1.oral_exposure.cmax.mg_l	0.1212121212	2781	864	688	0.598726	0.677095	0.475291	0.378472
q1.oral_exposure.cmax.mg_l_1	0.1010101010	98	46	56	0.836462	0.836735	0.767857	0.934783
q1.oral_exposure.cmax.mg_liter	0.1010101010	31	22	16	0.796053	0.806452	1.000000	0.727273
q1.oral_exposure.cmax.mg_ml	0.0000000000	6	6	6	0.500000	1.000000	1.000000	1.000000
q1.oral_exposure.cmax.ng_eq_g	0.2121212121	28	6	4	0.878261	0.928571	1.000000	0.666667
q1.oral_exposure.cmax.ng_l	0.1616161616	48	16	2	0.521368	0.708333	1.000000	0.125000
q1.oral_exposure.cmax.ng_ml	0.1818181818	38051	6455	4683	0.547744	0.773988	0.270980	0.196592
q1.oral_exposure.cmax.ng_ml_1	0.1616161616	1333	251	152	0.533737	0.760690	0.276316	0.167331
q1.oral_exposure.cmax.ng_ml_kg	0.2828282828	18	0	0	0.500000	1.000000	0.000000	0.000000
q1.oral_exposure.cmax.ng_ml_mg	0.1313131313	31	5	0	0.456140	0.838710	0.000000	0.000000
q1.oral_exposure.cmax.ng_ml_per_mg	0.1212121212	22	0	0	0.500000	1.000000	0.000000	0.000000
q1.oral_exposure.cmax.nm	0.1616161616	924	135	75	0.548718	0.818182	0.280000	0.155556
q1.oral_exposure.cmax.nmol_l	0.1414141414	564	99	91	0.518977	0.730496	0.208791	0.191919
q1.oral_exposure.cmax.nmol_l_1	0.1212121212	86	29	23	0.669231	0.720930	0.608696	0.482759
q1.oral_exposure.cmax.nmol_ml	0.1212121212	64	10	1	0.552448	0.859375	1.000000	0.100000
q1.oral_exposure.cmax.percent	0.0808080808	1329	887	1023	0.467909	0.569601	0.653959	0.754228
q1.oral_exposure.cmax.pg_ml	0.4444444444	2777	403	247	0.606223	0.837234	0.400810	0.245658
q1.oral_exposure.cmax.pg_ml_1	0.1515151515	32	3	0	0.475410	0.906250	0.000000	0.000000
q1.oral_exposure.cmax.pmol_ml	0.1515151515	16	1	0	0.483871	0.937500	0.000000	0.000000
q1.oral_exposure.cmax.ug_dl	0.0000000000	6	6	6	0.500000	1.000000	1.000000	1.000000
q1.oral_exposure.cmax.ug_g_1	0.1919191919	4	0	0	0.500000	1.000000	0.000000	0.000000
q1.oral_exposure.cmax.ug_l	0.1717171717	3089	540	192	0.539727	0.807705	0.359375	0.127778
q1.oral_exposure.cmax.ug_l_1	0.2020202020	190	31	0	0.455587	0.836842	0.000000	0.000000
q1.oral_exposure.cmax.ug_min_1	0.0808080808	2	0	0	0.500000	1.000000	0.000000	0.000000
q1.oral_exposure.cmax.ug_ml	0.1919191919	11995	2976	1927	0.542546	0.702459	0.346134	0.224126
q1.oral_exposure.cmax.ug_ml_1	0.0909090909	1031	325	559	0.501010	0.511154	0.339893	0.584615
q1.oral_exposure.cmax.ug_ml_g	0.0000000000	4	4	4	0.500000	1.000000	1.000000	1.000000
q1.oral_exposure.cmax.um	0.1717171717	1506	319	149	0.531981	0.754316	0.328859	0.153605
q1.oral_exposure.cmax.umol_l	0.1111111111	503	148	245	0.484282	0.508946	0.297959	0.493243
q1.oral_exposure.cmax.umol_l_1	0.1111111111	43	24	14	0.481360	0.488372	0.571429	0.333333
q1.oral_exposure.cmin.mg_l	0.2222222222	12	0	0	0.500000	1.000000	0.000000	0.000000
q1.oral_exposure.cmin.ng_ml	0.1313131313	313	74	30	0.584881	0.769968	0.533333	0.216216
q1.oral_exposure.cmin.pg_ml	0.1212121212	58	14	26	0.580263	0.620690	0.346154	0.642857
q1.oral_exposure.cmin.ug_l	0.0707070707	3	0	0	0.500000	1.000000	0.000000	0.000000
q1.oral_exposure.concentration_24.ng_ml	0.0606060606	4	0	0	0.500000	1.000000	0.000000	0.000000
q1.oral_exposure.dose_normalized.h_l	0.0707070707	15	12	13	0.880000	0.933333	0.923077	1.000000
q1.oral_exposure.dose_normalized.h_ng_ml_mg	0.0606060606	8	0	0	0.500000	1.000000	0.000000	0.000000
q1.oral_exposure.dose_normalized.h_ng_ml_mg_kg	0.4545454545	4	0	0	0.500000	1.000000	0.000000	0.000000
q1.oral_exposure.dose_normalized.ng_h_ml	0.1010101010	171	15	44	0.641552	0.795322	0.272727	0.800000
q1.oral_exposure.dose_normalized.ng_h_ml_mg	0.0909090909	197	88	66	0.541613	0.563452	0.515152	0.386364
q1.oral_exposure.dose_normalized.ng_h_ml_per_mg	0.0000000000	18	18	18	0.500000	1.000000	1.000000	1.000000
q1.oral_exposure.dose_normalized.ng_ml	0.1010101010	142	10	39	0.494399	0.711268	0.102564	0.400000
q1.oral_exposure.dose_normalized.ng_ml_h	0.0000000000	5	5	5	0.500000	1.000000	1.000000	1.000000
q1.oral_exposure.dose_normalized.ng_ml_mg	0.1212121212	203	50	38	0.492210	0.655172	0.236842	0.180000
q1.oral_exposure.dose_normalized.ng_ml_mg_kg	0.0000000000	2	2	2	0.500000	1.000000	1.000000	1.000000
q1.oral_exposure.dose_normalized.ng_ml_per_mg	0.1616161616	103	11	6	0.839714	0.951456	1.000000	0.545455
q1.oral_exposure.dose_normalized.ng_ml_per_milligram	0.0000000000	4	4	4	0.500000	1.000000	1.000000	1.000000
q1.oral_exposure.dose_normalized.percent	0.0808080808	132	70	96	0.578067	0.606061	0.593750	0.814286
q1.oral_exposure.dose_normalized.ug_h_ml	0.1212121212	10	0	0	0.500000	1.000000	0.000000	0.000000
q1.oral_exposure.dose_normalized.ug_h_ml_g	0.0000000000	4	4	4	0.500000	1.000000	1.000000	1.000000
q1.oral_exposure.dose_normalized.ug_min_ml	0.0505050505	4	0	0	0.500000	1.000000	0.000000	0.000000
q1.oral_exposure.dose_normalized.ug_ml	0.0808080808	5	0	0	0.500000	1.000000	0.000000	0.000000
q1.oral_exposure.dose_normalized.ug_ml_per_mg_kg	0.1010101010	4	0	0	0.500000	1.000000	0.000000	0.000000
q1.oral_exposure.oral_iv_ratio.dimensionless_ratio	0.1313131313	6	0	0	0.500000	1.000000	0.000000	0.000000
q1.oral_exposure.tmax.hour	0.0909090909	39293	27442	26018	0.524705	0.586491	0.715120	0.678012
q1.oral_exposure.tmax.minute	0.0707070707	2175	1313	1466	0.603939	0.634483	0.676671	0.755522
q2.dissolution.fraction_dissolved.percent.15_min	0.0000000000	2	2	2	0.500000	1.000000	1.000000	1.000000
q2.dissolution.fraction_dissolved.percent.1_hour	0.0000000000	2	1	2	0.333333	0.500000	0.500000	1.000000
q2.intestinal_absorption.fraction_absorbed.percent	0.1212121212	52718	12948	11106	0.507766	0.653287	0.260040	0.223046
q2.intestinal_permeability.efflux_ratio.dimensionless_ratio.secretory_over_absorptive	0.0000000000	2	2	2	0.500000	1.000000	1.000000	1.000000
q2.intestinal_permeability.peff.10_3_cm_min	0.0000000000	4	4	4	0.500000	1.000000	1.000000	1.000000
q2.intestinal_permeability.peff.10_3_cm_s_1	0.0000000000	5	5	5	0.500000	1.000000	1.000000	1.000000
q2.intestinal_permeability.peff.10_4_cm_s_1	0.1515151515	15	0	0	0.500000	1.000000	0.000000	0.000000
q2.intestinal_permeability.peff.10_5_cm_s_1	0.0000000000	2	2	2	0.500000	1.000000	1.000000	1.000000
q2.intestinal_permeability.peff.1e-4_cm_per_second	0.1212121212	1419	411	411	0.561580	0.639183	0.377129	0.377129
q2.intestinal_permeability.peff.1e-5_cm_per_second	0.0909090909	795	488	363	0.531006	0.533333	0.661157	0.491803
q2.intestinal_permeability.peff.1e-6_cm_per_second	0.1313131313	4249	1603	1233	0.555980	0.605084	0.469586	0.361198
q2.intestinal_permeability.peff.1e-7_cm_per_second	0.1010101010	25	17	14	0.872666	0.880000	1.000000	0.823529
q2.intestinal_permeability.peff.1e6_cm_per_second	0.0808080808	93	28	33	0.573115	0.623656	0.393939	0.464286
q2.intestinal_permeability.peff.cm_min	0.1717171717	378	56	64	0.534434	0.751323	0.203125	0.232143
q2.intestinal_permeability.peff.cm_min_x104	0.1111111111	2	0	0	0.500000	1.000000	0.000000	0.000000
q2.intestinal_permeability.peff.cm_per_second	0.1212121212	10621	1627	2304	0.518813	0.709726	0.184028	0.260602
q2.intestinal_permeability.peff.cm_s_1	0.1616161616	439	48	51	0.538919	0.815490	0.176471	0.187500
q2.intestinal_permeability.peff.cm_s_x10_6	0.0000000000	7	4	7	0.363636	0.571429	0.571429	1.000000
q2.intestinal_permeability.peff.cm_s_x_10_4	0.1313131313	7	0	0	0.500000	1.000000	0.000000	0.000000
q2.intestinal_permeability.peff.cm_s_x_10_6	0.0606060606	6	0	0	0.500000	1.000000	0.000000	0.000000
q2.intestinal_permeability.peff.cm_sec_x10_5	0.0000000000	2	1	2	0.333333	0.500000	0.500000	1.000000
q2.intestinal_permeability.peff.nm_s	0.0000000000	1	1	1	0.500000	1.000000	1.000000	1.000000
q2.intestinal_permeability.peff.x10_2_cm_min_1	0.0000000000	3	3	3	0.500000	1.000000	1.000000	1.000000
q2.intestinal_permeability.peff.x10_3_cm_min	0.0707070707	103	60	69	0.491896	0.524272	0.579710	0.666667
q2.intestinal_permeability.peff.x10_3_cm_min_1	0.0909090909	24	4	0	0.454545	0.833333	0.000000	0.000000
q2.intestinal_permeability.peff.x10_4_cm_min	0.1717171717	18	0	0	0.500000	1.000000	0.000000	0.000000
q2.intestinal_permeability.peff.x10_4_cm_s_1	0.0303030303	94	28	68	0.467844	0.468085	0.338235	0.821429
q2.intestinal_permeability.peff.x10_5_cm_s_1	0.0000000000	18	18	18	0.500000	1.000000	1.000000	1.000000
q2.intestinal_permeability.peff.x10_6_cm_s_1	0.0000000000	12	12	12	0.500000	1.000000	1.000000	1.000000
q2.solubility.equilibrium.mg_g	0.1111111111	12	0	0	0.500000	1.000000	0.000000	0.000000
q2.solubility.equilibrium.mg_ml	0.2525252525	4942	553	138	0.518431	0.874747	0.260870	0.065099
q2.solubility.equilibrium.mol_fraction	0.1616161616	12	2	6	0.625000	0.666667	0.333333	1.000000
q2.solubility.equilibrium.ug_ml	0.1212121212	3560	517	970	0.493813	0.665449	0.152577	0.286267
q2.solubility.equilibrium.um	0.1313131313	513	257	279	0.730452	0.730994	0.713262	0.774319
q2.solubility.kinetic.mg_ml	0.1818181818	37	2	2	0.735714	0.945946	0.500000	0.500000
q2.solubility.kinetic.ug_ml	0.5959595960	62	2	6	0.732759	0.935484	0.333333	1.000000
q2.solubility.kinetic.um	0.0000000000	48	45	48	0.483871	0.937500	0.937500	1.000000
q3.gut_wall_escape.fg.percent	0.1212121212	1094	238	363	0.484994	0.589580	0.209366	0.319328
q3.intestinal_metabolism.km.um.cyp3a4	0.1919191919	15	2	0	0.464286	0.866667	0.000000	0.000000
q3.intestinal_metabolism.km.um.ugt	0.1515151515	2	0	0	0.500000	1.000000	0.000000	0.000000
q3.intestinal_permeability.papp.cm_per_second.absorptive	0.1212121212	21478	5945	7200	0.525513	0.596936	0.311667	0.377460
q3.intestinal_permeability.papp.cm_per_second.secretory	0.1313131313	11856	3499	2801	0.532658	0.635290	0.352731	0.282366
q3.intestinal_permeability.papp.nm_s.absorptive	0.1919191919	203	55	28	0.553247	0.709360	0.428571	0.218182
q3.intestinal_permeability.papp.nm_s.secretory	0.1010101010	135	63	68	0.592235	0.592593	0.558824	0.603175
q3.intestinal_transport.efflux_ratio.dimensionless_ratio.secretory_over_absorptive	0.1313131313	13777	3046	3464	0.494763	0.635334	0.214492	0.243926
q3.oral_exposure_change.auc_ratio.dimensionless_ratio	0.0000000000	4	4	4	0.500000	1.000000	1.000000	1.000000
q4.cyp_metabolism.enzyme_contribution.percent.cyp1a1	0.0606060606	2	0	0	0.500000	1.000000	0.000000	0.000000
q4.cyp_metabolism.enzyme_contribution.percent.cyp1a1_2	0.0000000000	4	3	4	0.428571	0.750000	0.750000	1.000000
q4.cyp_metabolism.enzyme_contribution.percent.cyp1a2	0.1010101010	1450	547	542	0.558128	0.585517	0.450185	0.446069
q4.cyp_metabolism.enzyme_contribution.percent.cyp2a6	0.0808080808	66	14	15	0.624372	0.742424	0.400000	0.428571
q4.cyp_metabolism.enzyme_contribution.percent.cyp2b6	0.1313131313	168	59	51	0.581014	0.630952	0.470588	0.406780
q4.cyp_metabolism.enzyme_contribution.percent.cyp2c	0.0000000000	2	1	2	0.333333	0.500000	0.500000	1.000000
q4.cyp_metabolism.enzyme_contribution.percent.cyp2c11	0.1010101010	29	8	9	0.625538	0.689655	0.444444	0.500000
q4.cyp_metabolism.enzyme_contribution.percent.cyp2c19	0.1313131313	770	219	227	0.466597	0.561039	0.237885	0.246575
q4.cyp_metabolism.enzyme_contribution.percent.cyp2c8	0.1212121212	408	92	131	0.490922	0.595588	0.221374	0.315217
q4.cyp_metabolism.enzyme_contribution.percent.cyp2c9	0.1111111111	907	347	337	0.493060	0.523705	0.373887	0.363112
q4.cyp_metabolism.enzyme_contribution.percent.cyp2c9_3_3	0.0000000000	2	2	2	0.500000	1.000000	1.000000	1.000000
q4.cyp_metabolism.enzyme_contribution.percent.cyp2d6	0.1414141414	1328	310	317	0.520861	0.654367	0.264984	0.270968
q4.cyp_metabolism.enzyme_contribution.percent.cyp2e1	0.0808080808	602	142	194	0.566532	0.651163	0.324742	0.443662
q4.cyp_metabolism.enzyme_contribution.percent.cyp3a	0.1212121212	380	124	98	0.535483	0.615789	0.387755	0.306452
q4.cyp_metabolism.enzyme_contribution.percent.cyp3a2	0.1212121212	12	4	4	1.000000	1.000000	1.000000	1.000000
q4.cyp_metabolism.enzyme_contribution.percent.cyp3a4	0.1212121212	4736	1335	1289	0.511355	0.608530	0.298681	0.288390
q4.cyp_metabolism.enzyme_contribution.percent.cyp3a4_5	0.1616161616	11	3	2	0.611765	0.727273	0.500000	0.333333
q4.cyp_metabolism.enzyme_contribution.percent.cyp3a5	0.1111111111	28	7	15	0.475936	0.500000	0.266667	0.571429
q4.cyp_metabolism.enzyme_contribution.percent.cyp450	0.0303030303	3	0	0	0.500000	1.000000	0.000000	0.000000
q4.cyp_metabolism.enzyme_contribution.percent.cyp4f2	0.0303030303	2	0	0	0.500000	1.000000	0.000000	0.000000
q4.cyp_metabolism.enzyme_contribution.percent.cyp_enzymes	0.0000000000	2	1	2	0.333333	0.500000	0.500000	1.000000
q4.cyp_metabolism.enzyme_contribution.percent.cyp_inhibited_by_skf_525a	0.0000000000	5	5	5	0.500000	1.000000	1.000000	1.000000
q4.cyp_metabolism.enzyme_contribution.percent.cyps	0.0000000000	2	2	2	0.500000	1.000000	1.000000	1.000000
q4.cyp_metabolism.enzyme_contribution.percent.cytochrome_p_450	0.0000000000	7	4	7	0.363636	0.571429	0.571429	1.000000
q4.cyp_metabolism.enzyme_contribution.percent.p450	0.0909090909	6	2	2	1.000000	1.000000	1.000000	1.000000
q4.cyp_metabolism.enzyme_contribution.percent.p450_2c9	0.1111111111	4	2	2	1.000000	1.000000	1.000000	1.000000
q4.cyp_metabolism.enzyme_contribution.percent.total_cyps	0.0000000000	2	2	2	0.500000	1.000000	1.000000	1.000000
q4.cyp_metabolism.km.mm.cyp2a6	0.0000000000	1	1	1	0.500000	1.000000	1.000000	1.000000
q4.cyp_metabolism.km.mm.cyp2b1	0.0404040404	14	4	4	1.000000	1.000000	1.000000	1.000000
q4.cyp_metabolism.km.mm.cyp2b6	0.0707070707	4	0	0	0.500000	1.000000	0.000000	0.000000
q4.cyp_metabolism.km.mm.cyp3a4	0.0000000000	4	4	4	0.500000	1.000000	1.000000	1.000000
q4.cyp_metabolism.km.um.cyp1a1	0.1010101010	6	0	2	0.400000	0.666667	0.000000	0.000000
q4.cyp_metabolism.km.um.cyp1a2	0.0000000000	18	18	18	0.500000	1.000000	1.000000	1.000000
q4.cyp_metabolism.km.um.cyp2b6	0.0000000000	2	2	2	0.500000	1.000000	1.000000	1.000000
q4.cyp_metabolism.km.um.cyp2c9	0.0909090909	8	2	2	1.000000	1.000000	1.000000	1.000000
q4.cyp_metabolism.km.um.cyp2d6	0.0000000000	1	1	1	0.500000	1.000000	1.000000	1.000000
q4.cyp_metabolism.km.um.cyp3a4	0.1717171717	18	2	0	0.470588	0.888889	0.000000	0.000000
q4.cyp_metabolism.km.um.cyp_cytochrome_p_450	0.0707070707	6	0	0	0.500000	1.000000	0.000000	0.000000
q4.cyp_metabolism.km.um.p450	0.0202020202	2	0	0	0.500000	1.000000	0.000000	0.000000
q4.hepatic_clearance.hepatic_clearance.l_h	0.1010101010	1867	467	766	0.504149	0.561328	0.270235	0.443255
q4.hepatic_clearance.hepatic_clearance.l_h_1_kg_1	0.1010101010	2	0	0	0.500000	1.000000	0.000000	0.000000
q4.hepatic_clearance.hepatic_clearance.l_h_kg	0.1111111111	2035	389	557	0.535889	0.668796	0.244165	0.349614
q4.hepatic_clearance.hepatic_clearance.l_h_per_kg	0.0000000000	4	4	4	0.500000	1.000000	1.000000	1.000000
q4.hepatic_clearance.hepatic_clearance.l_hour	0.1010101010	2	0	0	0.500000	1.000000	0.000000	0.000000
q4.hepatic_clearance.hepatic_clearance.l_kg_h	0.0202020202	3	0	0	0.500000	1.000000	0.000000	0.000000
q4.hepatic_clearance.hepatic_clearance.l_min	0.0909090909	53	10	22	0.552365	0.622642	0.272727	0.600000
q4.hepatic_clearance.hepatic_clearance.ml_h	0.1919191919	95	15	17	0.661788	0.810526	0.411765	0.466667
q4.hepatic_clearance.hepatic_clearance.ml_h_1_kg_1	0.0000000000	2	1	2	0.333333	0.500000	0.500000	1.000000
q4.hepatic_clearance.hepatic_clearance.ml_h_kg	0.1616161616	29	5	14	0.569501	0.620690	0.285714	0.800000
q4.hepatic_clearance.hepatic_clearance.ml_kg_1_min_1	0.0000000000	20	20	20	0.500000	1.000000	1.000000	1.000000
q4.hepatic_clearance.hepatic_clearance.ml_kg_h	0.0000000000	15	15	15	0.500000	1.000000	1.000000	1.000000
q4.hepatic_clearance.hepatic_clearance.ml_min	0.1515151515	10877	1904	1713	0.507728	0.727039	0.189142	0.170168
q4.hepatic_clearance.hepatic_clearance.ml_min_1	0.1414141414	277	38	43	0.660194	0.830325	0.395349	0.447368
q4.hepatic_clearance.hepatic_clearance.ml_min_1_g_1	0.0000000000	4	4	4	0.500000	1.000000	1.000000	1.000000
q4.hepatic_clearance.hepatic_clearance.ml_min_1_g_liver_1	0.0000000000	1	1	1	0.500000	1.000000	1.000000	1.000000
q4.hepatic_clearance.hepatic_clearance.ml_min_1_kg_1	0.1414141414	2183	512	546	0.567125	0.682089	0.333333	0.355469
q4.hepatic_clearance.hepatic_clearance.ml_min_g	0.0808080808	14	8	11	0.590643	0.642857	0.636364	0.875000
q4.hepatic_clearance.hepatic_clearance.ml_min_g_liver	0.0404040404	20	11	16	0.487179	0.550000	0.562500	0.818182
q4.hepatic_clearance.hepatic_clearance.ml_min_kg	0.1313131313	27813	7404	6617	0.513059	0.632798	0.287744	0.257158
q4.hepatic_clearance.hepatic_clearance.ml_min_kg_body_weight	0.0000000000	2	2	2	0.500000	1.000000	1.000000	1.000000
q4.hepatic_clearance.hepatic_clearance.ml_min_kg_body_wt	0.0000000000	2	2	2	0.500000	1.000000	1.000000	1.000000
q4.hepatic_clearance.hepatic_clearance.ml_min_kg_bw	0.1212121212	13	3	0	0.434783	0.769231	0.000000	0.000000
q4.hepatic_clearance.hepatic_clearance.ml_min_mg_microsomal_protein	0.0000000000	6	6	6	0.500000	1.000000	1.000000	1.000000
q4.hepatic_clearance.hepatic_clearance.ml_min_per_kg	0.0707070707	20	19	12	0.498208	0.650000	1.000000	0.631579
q4.hepatic_clearance.hepatic_clearance.ml_min_per_kg_of_bdw	0.0000000000	6	4	6	0.400000	0.666667	0.666667	1.000000
q4.hepatic_clearance.hepatic_clearance.ul_min_1_kg_1	0.0606060606	9	0	0	0.500000	1.000000	0.000000	0.000000
q4.hepatic_clearance.hepatic_clearance.ul_min_kg	0.1616161616	2	0	0	0.500000	1.000000	0.000000	0.000000
q4.hepatic_clearance.intrinsic_clearance.10_3_ml_min_mg_protein	0.4141414141	4	0	0	0.500000	1.000000	0.000000	0.000000
q4.hepatic_clearance.intrinsic_clearance.l_h	0.1515151515	1884	356	221	0.528286	0.755308	0.262443	0.162921
q4.hepatic_clearance.intrinsic_clearance.l_h_kg	0.1717171717	1059	201	134	0.544348	0.757318	0.291045	0.194030
q4.hepatic_clearance.intrinsic_clearance.l_h_kg_bw	0.1010101010	22	4	4	1.000000	1.000000	1.000000	1.000000
q4.hepatic_clearance.intrinsic_clearance.l_hour	0.1010101010	4	0	0	0.500000	1.000000	0.000000	0.000000
q4.hepatic_clearance.intrinsic_clearance.l_min	0.1313131313	210	57	49	0.634058	0.723810	0.489796	0.421053
q4.hepatic_clearance.intrinsic_clearance.l_min_mg_protein	0.0909090909	10	1	0	0.473684	0.900000	0.000000	0.000000
q4.hepatic_clearance.intrinsic_clearance.mg_min_1_ul_1	0.2929292929	22	8	8	0.901786	0.909091	0.875000	0.875000
q4.hepatic_clearance.intrinsic_clearance.mg_min_ul	0.0000000000	2	2	2	0.500000	1.000000	1.000000	1.000000
q4.hepatic_clearance.intrinsic_clearance.ml_h_106_cells	0.0000000000	1	1	1	0.500000	1.000000	1.000000	1.000000
q4.hepatic_clearance.intrinsic_clearance.ml_h_10_6_cells	0.0808080808	218	108	100	0.577092	0.577982	0.580000	0.537037
q4.hepatic_clearance.intrinsic_clearance.ml_h_1_mg_1_protein	0.0000000000	15	8	15	0.347826	0.533333	0.533333	1.000000
q4.hepatic_clearance.intrinsic_clearance.ml_h_g_liver	0.1515151515	32	13	4	0.559449	0.656250	0.750000	0.230769
q4.hepatic_clearance.intrinsic_clearance.ml_h_kg	0.0707070707	18	8	8	1.000000	1.000000	1.000000	1.000000
q4.hepatic_clearance.intrinsic_clearance.ml_h_mg	0.0808080808	36	10	23	0.636364	0.638889	0.434783	1.000000
q4.hepatic_clearance.intrinsic_clearance.ml_h_mg_protein	0.1010101010	25	0	0	0.500000	1.000000	0.000000	0.000000
q4.hepatic_clearance.intrinsic_clearance.ml_h_per_mg_protein	0.1414141414	39	4	0	0.472973	0.897436	0.000000	0.000000
q4.hepatic_clearance.intrinsic_clearance.ml_mg_protein_min	0.1616161616	65	7	4	0.652406	0.892308	0.500000	0.285714
q4.hepatic_clearance.intrinsic_clearance.ml_min	0.1616161616	4560	478	364	0.515873	0.837719	0.140110	0.106695
q4.hepatic_clearance.intrinsic_clearance.ml_min_1	0.1313131313	128	15	16	0.541219	0.804688	0.187500	0.200000
q4.hepatic_clearance.intrinsic_clearance.ml_min_10_6_cells	0.1717171717	8	0	0	0.500000	1.000000	0.000000	0.000000
q4.hepatic_clearance.intrinsic_clearance.ml_min_1_g_1	0.5454545455	454	156	102	0.723864	0.775330	0.764706	0.500000
q4.hepatic_clearance.intrinsic_clearance.ml_min_1_g_liver	0.1515151515	4	0	0	0.500000	1.000000	0.000000	0.000000
q4.hepatic_clearance.intrinsic_clearance.ml_min_1_g_liver_1	0.1313131313	22	3	0	0.463415	0.863636	0.000000	0.000000
q4.hepatic_clearance.intrinsic_clearance.ml_min_1_kg_1	0.1515151515	2198	331	301	0.504749	0.756142	0.159468	0.145015
q4.hepatic_clearance.intrinsic_clearance.ml_min_1_mg_1	0.5454545455	153	2	0	0.496711	0.986928	0.000000	0.000000
q4.hepatic_clearance.intrinsic_clearance.ml_min_1_mg_1_protein	0.1414141414	10	1	0	0.473684	0.900000	0.000000	0.000000
q4.hepatic_clearance.intrinsic_clearance.ml_min_1_mg_protein_1	0.1111111111	66	7	7	0.920097	0.969697	0.857143	0.857143
q4.hepatic_clearance.intrinsic_clearance.ml_min_g	0.1717171717	1170	227	92	0.555374	0.790598	0.402174	0.162996
q4.hepatic_clearance.intrinsic_clearance.ml_min_g_liver	0.1818181818	2602	553	339	0.549455	0.744043	0.333333	0.204340
q4.hepatic_clearance.intrinsic_clearance.ml_min_g_of_body_weight	0.1515151515	2	0	0	0.500000	1.000000	0.000000	0.000000
q4.hepatic_clearance.intrinsic_clearance.ml_min_g_protein	0.0909090909	10	4	6	0.800000	0.800000	0.666667	1.000000
q4.hepatic_clearance.intrinsic_clearance.ml_min_g_tissue	0.0909090909	44	23	29	0.764957	0.772727	0.724138	0.913043
q4.hepatic_clearance.intrinsic_clearance.ml_min_gd	0.2424242424	14	12	12	1.000000	1.000000	1.000000	1.000000
q4.hepatic_clearance.intrinsic_clearance.ml_min_gprotein	0.1010101010	29	5	17	0.560606	0.586207	0.294118	1.000000
q4.hepatic_clearance.intrinsic_clearance.ml_min_kg	0.1313131313	31128	7324	8374	0.535082	0.649319	0.285527	0.326461
q4.hepatic_clearance.intrinsic_clearance.ml_min_kg_b_wt	0.3232323232	6	3	5	0.625000	0.666667	0.600000	1.000000
q4.hepatic_clearance.intrinsic_clearance.ml_min_kg_body_weight	0.1010101010	4	0	0	0.500000	1.000000	0.000000	0.000000
q4.hepatic_clearance.intrinsic_clearance.ml_min_kg_body_wt	0.0000000000	4	4	4	0.500000	1.000000	1.000000	1.000000
q4.hepatic_clearance.intrinsic_clearance.ml_min_kg_bw	0.1212121212	27	6	0	0.437500	0.777778	0.000000	0.000000
q4.hepatic_clearance.intrinsic_clearance.ml_min_mg	0.1616161616	6894	894	714	0.526213	0.804758	0.183473	0.146532
q4.hepatic_clearance.intrinsic_clearance.ml_min_mg_microsomal_protein	0.0000000000	8	1	8	0.111111	0.125000	0.125000	1.000000
q4.hepatic_clearance.intrinsic_clearance.ml_min_mg_protein	0.1616161616	10919	1120	943	0.507792	0.831578	0.118770	0.100000
q4.hepatic_clearance.intrinsic_clearance.ml_min_mg_s9_protein	0.2727272727	27	2	0	0.480769	0.925926	0.000000	0.000000
q4.hepatic_clearance.intrinsic_clearance.ml_min_nmol	0.1818181818	242	39	24	0.753648	0.888430	0.750000	0.461538
q4.hepatic_clearance.intrinsic_clearance.ml_min_nmol_p450	0.1717171717	212	40	23	0.543244	0.768868	0.304348	0.175000
q4.hepatic_clearance.intrinsic_clearance.ml_min_per_10_6_hepatocytes	0.0000000000	2	1	2	0.333333	0.500000	0.500000	1.000000
q4.hepatic_clearance.intrinsic_clearance.ml_min_per_kg	0.5959595960	7	0	0	0.500000	1.000000	0.000000	0.000000
q4.hepatic_clearance.intrinsic_clearance.ml_min_per_kg_of_bdw	0.6969696970	6	2	0	0.400000	0.666667	0.000000	0.000000
q4.hepatic_clearance.intrinsic_clearance.ml_min_per_mg	0.0909090909	1	0	0	0.500000	1.000000	0.000000	0.000000
q4.hepatic_clearance.intrinsic_clearance.ml_min_per_mg_protein	0.1818181818	27	6	0	0.437500	0.777778	0.000000	0.000000
q4.hepatic_clearance.intrinsic_clearance.ml_min_per_srw	0.0000000000	2	2	2	0.500000	1.000000	1.000000	1.000000
q4.hepatic_clearance.intrinsic_clearance.ml_min_srw	0.1414141414	10	0	0	0.500000	1.000000	0.000000	0.000000
q4.hepatic_clearance.intrinsic_clearance.ml_min_umol_p450	0.1616161616	7	0	0	0.500000	1.000000	0.000000	0.000000
q4.hepatic_clearance.intrinsic_clearance.ml_min_x_10_6_hepatocytes	0.0000000000	2	2	2	0.500000	1.000000	1.000000	1.000000
q4.hepatic_clearance.intrinsic_clearance.ml_min_x_kg	0.0000000000	4	2	4	0.333333	0.500000	0.500000	1.000000
q4.hepatic_clearance.intrinsic_clearance.ml_min_x_mg_protein	0.2222222222	6	2	0	0.400000	0.666667	0.000000	0.000000
q4.hepatic_clearance.intrinsic_clearance.ul_h_mg_protein	0.0000000000	10	9	10	0.473684	0.900000	0.900000	1.000000
q4.hepatic_clearance.intrinsic_clearance.ul_mg_1_min_1	0.2020202020	15	0	0	0.500000	1.000000	0.000000	0.000000
q4.hepatic_clearance.intrinsic_clearance.ul_mg_ces1_min	0.2121212121	2	0	0	0.500000	1.000000	0.000000	0.000000
q4.hepatic_clearance.intrinsic_clearance.ul_mg_min	0.1313131313	314	40	76	0.629916	0.777070	0.302632	0.575000
q4.hepatic_clearance.intrinsic_clearance.ul_mg_protein_1_min_1	0.2222222222	15	2	7	0.603175	0.666667	0.285714	1.000000
q4.hepatic_clearance.intrinsic_clearance.ul_mg_protein_min	0.1717171717	891	200	82	0.502894	0.735129	0.280488	0.115000
q4.hepatic_clearance.intrinsic_clearance.ul_min	0.1212121212	89	7	13	0.493038	0.797753	0.076923	0.142857
q4.hepatic_clearance.intrinsic_clearance.ul_min_106_cells	0.1414141414	3318	966	670	0.524609	0.646775	0.346269	0.240166
q4.hepatic_clearance.intrinsic_clearance.ul_min_106_hepatocytes	0.1313131313	6	2	0	0.400000	0.666667	0.000000	0.000000
q4.hepatic_clearance.intrinsic_clearance.ul_min_10_6_cells	0.1313131313	13711	4400	5599	0.538566	0.572387	0.369352	0.470000
q4.hepatic_clearance.intrinsic_clearance.ul_min_10_6_hepatocytes	0.1313131313	16	3	3	1.000000	1.000000	1.000000	1.000000
q4.hepatic_clearance.intrinsic_clearance.ul_min_1_106_cells	0.1212121212	6	1	0	0.454545	0.833333	0.000000	0.000000
q4.hepatic_clearance.intrinsic_clearance.ul_min_1_106_cells_1	0.1111111111	91	36	34	0.605357	0.626374	0.529412	0.500000
q4.hepatic_clearance.intrinsic_clearance.ul_min_1_10_6_cells	0.0000000000	8	8	8	0.500000	1.000000	1.000000	1.000000
q4.hepatic_clearance.intrinsic_clearance.ul_min_1_10_6_cells_1	0.0808080808	16	4	4	1.000000	1.000000	1.000000	1.000000
q4.hepatic_clearance.intrinsic_clearance.ul_min_1_kg_1	0.1313131313	9	1	0	0.470588	0.888889	0.000000	0.000000
q4.hepatic_clearance.intrinsic_clearance.ul_min_1_mg_1	0.1414141414	9433	1859	2053	0.507227	0.676031	0.208475	0.230231
q4.hepatic_clearance.intrinsic_clearance.ul_min_1_mg_1_microsomal_protein	0.2424242424	12	0	0	0.500000	1.000000	0.000000	0.000000
q4.hepatic_clearance.intrinsic_clearance.ul_min_1_mg_1_protein	0.1414141414	403	80	47	0.593416	0.784119	0.425532	0.250000
q4.hepatic_clearance.intrinsic_clearance.ul_min_1_mg_of_protein_1	0.2020202020	6	4	4	1.000000	1.000000	1.000000	1.000000
q4.hepatic_clearance.intrinsic_clearance.ul_min_1_mg_protein_1	0.1111111111	292	85	166	0.577282	0.585616	0.391566	0.764706
q4.hepatic_clearance.intrinsic_clearance.ul_min_1_nmol_1	0.0505050505	2	0	0	0.500000	1.000000	0.000000	0.000000
q4.hepatic_clearance.intrinsic_clearance.ul_min_1_per_million_cells	0.1313131313	18	2	2	1.000000	1.000000	1.000000	1.000000
q4.hepatic_clearance.intrinsic_clearance.ul_min_1_pmol_1	0.1919191919	104	7	0	0.482587	0.932692	0.000000	0.000000
q4.hepatic_clearance.intrinsic_clearance.ul_min_1_pmol_1_cyp_1	0.0000000000	2	2	2	0.500000	1.000000	1.000000	1.000000
q4.hepatic_clearance.intrinsic_clearance.ul_min_1_x_106_cells	0.6868686869	14	2	0	0.461538	0.857143	0.000000	0.000000
q4.hepatic_clearance.intrinsic_clearance.ul_min_g	0.2626262626	4	0	0	0.500000	1.000000	0.000000	0.000000
q4.hepatic_clearance.intrinsic_clearance.ul_min_g_liver	0.1010101010	18	1	0	0.485714	0.944444	0.000000	0.000000
q4.hepatic_clearance.intrinsic_clearance.ul_min_g_protein	0.1616161616	27	1	0	0.490566	0.962963	0.000000	0.000000
q4.hepatic_clearance.intrinsic_clearance.ul_min_kg	0.0000000000	2	2	2	0.500000	1.000000	1.000000	1.000000
q4.hepatic_clearance.intrinsic_clearance.ul_min_m_cells	0.0707070707	1	0	0	0.500000	1.000000	0.000000	0.000000
q4.hepatic_clearance.intrinsic_clearance.ul_min_mg	0.1414141414	75580	19201	17908	0.541679	0.660426	0.319522	0.298005
q4.hepatic_clearance.intrinsic_clearance.ul_min_mg_microsomal_protein	0.1616161616	478	74	130	0.675949	0.782427	0.384615	0.675676
q4.hepatic_clearance.intrinsic_clearance.ul_min_mg_microsomes	0.1313131313	3	0	0	0.500000	1.000000	0.000000	0.000000
q4.hepatic_clearance.intrinsic_clearance.ul_min_mg_prot	0.1616161616	38	10	0	0.424242	0.736842	0.000000	0.000000
q4.hepatic_clearance.intrinsic_clearance.ul_min_mg_protein	0.1313131313	60306	11614	14661	0.504965	0.662604	0.202169	0.255209
q4.hepatic_clearance.intrinsic_clearance.ul_min_mg_s9_protein	0.7272727273	7	0	0	0.500000	1.000000	0.000000	0.000000
q4.hepatic_clearance.intrinsic_clearance.ul_min_mg_total_protein	0.0808080808	2	0	0	0.500000	1.000000	0.000000	0.000000
q4.hepatic_clearance.intrinsic_clearance.ul_min_mill	0.0000000000	2	2	2	0.500000	1.000000	1.000000	1.000000
q4.hepatic_clearance.intrinsic_clearance.ul_min_million	0.1313131313	4	0	0	0.500000	1.000000	0.000000	0.000000
q4.hepatic_clearance.intrinsic_clearance.ul_min_million_cells	0.1717171717	680	122	66	0.635829	0.826471	0.530303	0.286885
q4.hepatic_clearance.intrinsic_clearance.ul_min_million_hepatocytes	0.1010101010	1	0	0	0.500000	1.000000	0.000000	0.000000
q4.hepatic_clearance.intrinsic_clearance.ul_min_nmol	0.1313131313	26	2	0	0.480000	0.923077	0.000000	0.000000
q4.hepatic_clearance.intrinsic_clearance.ul_min_nmol_cyp	0.1212121212	56	0	0	0.500000	1.000000	0.000000	0.000000
q4.hepatic_clearance.intrinsic_clearance.ul_min_nmol_p450	0.1212121212	126	8	36	0.531906	0.730159	0.138889	0.625000
q4.hepatic_clearance.intrinsic_clearance.ul_min_per_106_cells	0.0000000000	19	10	19	0.344828	0.526316	0.526316	1.000000
q4.hepatic_clearance.intrinsic_clearance.ul_min_per_mg	0.2222222222	238	38	20	0.469889	0.773109	0.100000	0.052632
q4.hepatic_clearance.intrinsic_clearance.ul_min_per_mg_protein	0.1111111111	85	5	12	0.509804	0.823529	0.083333	0.200000
q4.hepatic_clearance.intrinsic_clearance.ul_min_per_million_cells	0.1616161616	5	0	0	0.500000	1.000000	0.000000	0.000000
q4.hepatic_clearance.intrinsic_clearance.ul_min_pmol	0.1717171717	2306	224	150	0.484973	0.846487	0.066667	0.044643
q4.hepatic_clearance.intrinsic_clearance.ul_min_pmol_2c9	0.1717171717	1	0	0	0.500000	1.000000	0.000000	0.000000
q4.hepatic_clearance.intrinsic_clearance.ul_min_pmol_cyp	0.1212121212	372	63	132	0.530895	0.637097	0.227273	0.476190
q4.hepatic_clearance.intrinsic_clearance.ul_min_pmol_enzyme	0.1414141414	19	3	0	0.457143	0.842105	0.000000	0.000000
q4.hepatic_clearance.intrinsic_clearance.ul_min_pmol_p450	0.1616161616	568	73	54	0.525717	0.811620	0.185185	0.136986
q4.hepatic_clearance.intrinsic_clearance.ul_min_pmol_protein	0.0909090909	2	0	0	0.500000	1.000000	0.000000	0.000000
q4.hepatic_clearance.intrinsic_clearance.ul_min_pmolcyp3a4	0.1212121212	2	0	0	0.500000	1.000000	0.000000	0.000000
q4.hepatic_clearance.intrinsic_clearance.ul_min_x10_6_cells	0.0909090909	3	1	0	0.400000	0.666667	0.000000	0.000000
q4.hepatic_clearance.intrinsic_clearance.ul_min_x_mg_protein	0.1212121212	13	3	6	0.575163	0.615385	0.333333	0.666667
q4.hepatic_clearance.intrinsic_clearance.ul_nmol_isoform_min	0.0000000000	7	7	7	0.500000	1.000000	1.000000	1.000000
q4.hepatic_clearance.intrinsic_clearance.ul_nmol_min	0.0606060606	3	0	0	0.500000	1.000000	0.000000	0.000000
q4.hepatic_clearance.intrinsic_clearance.ul_nmol_p450_min	0.1616161616	119	5	4	0.595827	0.941176	0.250000	0.200000
q4.hepatic_clearance.intrinsic_clearance.ul_per_min_per_million_cells	0.1818181818	9	1	0	0.470588	0.888889	0.000000	0.000000
q4.hepatic_clearance.intrinsic_clearance.ul_pmol_2d6_1_min_1	0.2525252525	9	0	0	0.500000	1.000000	0.000000	0.000000
q4.hepatic_clearance.intrinsic_clearance.ul_pmol_p450_min	0.2222222222	35	0	0	0.500000	1.000000	0.000000	0.000000
q4.hepatic_escape.extraction_ratio.percent	0.1313131313	6170	1382	1371	0.508373	0.659157	0.237053	0.235166
q4.hepatic_metabolism.half_life.hour	0.1010101010	6693	3006	3073	0.458916	0.463469	0.404816	0.413839
q4.hepatic_metabolism.half_life.minute	0.1212121212	33863	12912	11405	0.494257	0.534448	0.374923	0.331165
q4.metabolic_stability.microsomal_stability.percent.10_min	0.1212121212	4	0	0	0.500000	1.000000	0.000000	0.000000
q4.metabolic_stability.microsomal_stability.percent.2_min	0.1313131313	2	0	0	0.500000	1.000000	0.000000	0.000000
q4.metabolic_stability.microsomal_stability.percent.30_min	0.1010101010	2	0	0	0.500000	1.000000	0.000000	0.000000
q4.ugt_metabolism.enzyme_contribution.percent.glucuronidation_ugt	0.1111111111	2	0	0	0.500000	1.000000	0.000000	0.000000
q4.ugt_metabolism.enzyme_contribution.percent.udp_glucuronosyltransferase	0.2525252525	2	0	0	0.500000	1.000000	0.000000	0.000000
q4.ugt_metabolism.enzyme_contribution.percent.udp_glucuronyltransferase	0.0707070707	1	0	0	0.500000	1.000000	0.000000	0.000000
q4.ugt_metabolism.enzyme_contribution.percent.ugt	0.6767676768	166	31	0	0.448505	0.813253	0.000000	0.000000
q4.ugt_metabolism.enzyme_contribution.percent.ugt1a1	0.1111111111	49	20	28	0.550833	0.551020	0.464286	0.650000
q4.ugt_metabolism.enzyme_contribution.percent.ugt1a1_ugt2b7	0.0000000000	2	2	2	0.500000	1.000000	1.000000	1.000000
q4.ugt_metabolism.enzyme_contribution.percent.ugt1a3	0.1717171717	15	3	0	0.444444	0.800000	0.000000	0.000000
q4.ugt_metabolism.enzyme_contribution.percent.ugt1a4	0.0606060606	3	1	2	0.666667	0.666667	0.500000	1.000000
q4.ugt_metabolism.enzyme_contribution.percent.ugt1a6	0.1414141414	2	0	0	0.500000	1.000000	0.000000	0.000000
q4.ugt_metabolism.enzyme_contribution.percent.ugt1a8	0.1212121212	3	0	0	0.500000	1.000000	0.000000	0.000000
q4.ugt_metabolism.enzyme_contribution.percent.ugt1a9	0.2323232323	53	4	0	0.480392	0.924528	0.000000	0.000000
q4.ugt_metabolism.enzyme_contribution.percent.ugt2b15	0.1010101010	2	0	0	0.500000	1.000000	0.000000	0.000000
q4.ugt_metabolism.enzyme_contribution.percent.ugt2b4_2b7	0.1313131313	3	0	0	0.500000	1.000000	0.000000	0.000000
q4.ugt_metabolism.enzyme_contribution.percent.ugt2b7	0.0707070707	110	55	79	0.580007	0.600000	0.569620	0.818182
q4.ugt_metabolism.km.mm.udp_glucuronosyltransferase	0.0000000000	2	2	2	0.500000	1.000000	1.000000	1.000000
q4.ugt_metabolism.km.mm.ugt	0.3333333333	6	1	0	0.454545	0.833333	0.000000	0.000000
q4.ugt_metabolism.km.mm.ugt1a9	0.1111111111	2	0	0	0.500000	1.000000	0.000000	0.000000
q4.ugt_metabolism.km.um.ugt	0.0808080808	32	8	18	0.546559	0.562500	0.333333	0.750000
q4.ugt_metabolism.km.um.ugt1a1	0.1212121212	2	0	0	0.500000	1.000000	0.000000	0.000000
q4.ugt_metabolism.km.um.ugt1a4	0.0505050505	3	0	0	0.500000	1.000000	0.000000	0.000000
q4.ugt_metabolism.km.um.ugt1a6	0.0000000000	2	2	2	0.500000	1.000000	1.000000	1.000000
q4.ugt_metabolism.km.um.ugt2b7	0.0707070707	42	18	21	0.449573	0.452381	0.380952	0.444444
q4.ugt_metabolism.vmax.nmol_min_mg.ugt1a6	0.2323232323	2	0	0	0.500000	1.000000	0.000000	0.000000
q4.ugt_metabolism.vmax.nmol_min_mg_protein.udp_glucuronosyltransferase	0.0000000000	2	2	2	0.500000	1.000000	1.000000	1.000000
q4.ugt_metabolism.vmax.nmol_min_mg_protein.ugt	0.3333333333	19	0	0	0.500000	1.000000	0.000000	0.000000
q4.ugt_metabolism.vmax.pmol_min_mg_protein.ugt	0.0000000000	1	1	1	0.500000	1.000000	1.000000	1.000000
starling.oral_bioavailability.systemic_availability.percent	0.1313131313	3971	1186	939	0.549930	0.647192	0.385517	0.305228
